-- Inserts para a tabela LOCALIZACAO
INSERT INTO LOCALIZACAO (ID_LOCALIZACAO, CEP_LOCALIZACAO, LOGRADOURO_LOCALIZACAO, BAIRRO_LOCALIZACAO, ESTADO_LOCALIZACAO, REGIAO_LOCALIZACAO)
VALUES ('f47c39f4-9e45-46ff-9e43-46e96d1c0180', '01310000', 'Av. Paulista, 1000', 'Bela Vista', 'SP', 'Sudeste');

INSERT INTO LOCALIZACAO (ID_LOCALIZACAO, CEP_LOCALIZACAO, LOGRADOURO_LOCALIZACAO, BAIRRO_LOCALIZACAO, ESTADO_LOCALIZACAO, REGIAO_LOCALIZACAO)
VALUES ('b5f3f8b7-98b1-4b3d-87a9-dcce4973fd6a', '01000000', 'Rua Augusta, 2000', 'Cerqueira César', 'SP', 'Sudeste');

INSERT INTO LOCALIZACAO (ID_LOCALIZACAO, CEP_LOCALIZACAO, LOGRADOURO_LOCALIZACAO, BAIRRO_LOCALIZACAO, ESTADO_LOCALIZACAO, REGIAO_LOCALIZACAO)
VALUES ('26cdb15a-99b4-4a0f-8ad0-ecb7727c3965', '02510000', 'Rua do Acre, 500', 'Vila Nova Cachoeirinha', 'SP', 'Norte');

INSERT INTO LOCALIZACAO (ID_LOCALIZACAO, CEP_LOCALIZACAO, LOGRADOURO_LOCALIZACAO, BAIRRO_LOCALIZACAO, ESTADO_LOCALIZACAO, REGIAO_LOCALIZACAO)
VALUES ('e5b36a50-b581-4234-bd6d-34a51be4d312', '04510100', 'Rua dos Três Irmãos, 1200', 'Brooklin', 'SP', 'Sudeste');

INSERT INTO LOCALIZACAO (ID_LOCALIZACAO, CEP_LOCALIZACAO, LOGRADOURO_LOCALIZACAO, BAIRRO_LOCALIZACAO, ESTADO_LOCALIZACAO, REGIAO_LOCALIZACAO)
VALUES ('aaffd132-8b12-4ff0-8e8a-9a24601a27c9', '03050000', 'Rua da Mooca, 1500', 'Mooca', 'SP', 'Leste');

-- Inserts para a tabela TB_FILIAL
INSERT INTO TB_FILIAL (ID_FILIAL, NOME_FILIAL, ID_LOCALIZACAO)
VALUES ('6cfa5b26-ada4-4bfc-a372-f50a1b9df36f', 'Filial São Paulo', 'f47c39f4-9e45-46ff-9e43-46e96d1c0180');

INSERT INTO TB_FILIAL (ID_FILIAL, NOME_FILIAL, ID_LOCALIZACAO)
VALUES ('62e58297-42bb-4d25-bc95-c99bfa4f71be', 'Filial Rio de Janeiro', 'b5f3f8b7-98b1-4b3d-87a9-dcce4973fd6a');

INSERT INTO TB_FILIAL (ID_FILIAL, NOME_FILIAL, ID_LOCALIZACAO)
VALUES ('8d7a1582-7cf9-4972-a474-956c8d25cb68', 'Filial Belo Horizonte', '26cdb15a-99b4-4a0f-8ad0-ecb7727c3965');

INSERT INTO TB_FILIAL (ID_FILIAL, NOME_FILIAL, ID_LOCALIZACAO)
VALUES ('31370b19-8e5f-4303-9ff5-9e9f35b53ca7', 'Filial Porto Alegre', 'e5b36a50-b581-4234-bd6d-34a51be4d312');

INSERT INTO TB_FILIAL (ID_FILIAL, NOME_FILIAL, ID_LOCALIZACAO)
VALUES ('b2c70958-62bb-4d33-96e7-5d442a8cc3e9', 'Filial Curitiba', 'aaffd132-8b12-4ff0-8e8a-9a24601a27c9');

-- Inserts para a tabela TB_CONFIGURACAO_USUARIO
INSERT INTO TB_CONFIGURACAO_USUARIO (ID_CONFIGURACAO_USUARIO, ALERTA_MOTO_ENTRAR_PATIO, ALERTA_MOTO_SAIR_PATIO, ALERTA_MOTO_CHEGAR_SEM_PLACA, ALERTA_MOTO_PRECISA_MANUTENCAO, ALERTA_MOTO_PREPARADA_ALUGADA)
VALUES ('cf78e445-2a3a-4e8c-9602-27e5d36a3f26', 1, 1, 1, 0, 0);

INSERT INTO TB_CONFIGURACAO_USUARIO (ID_CONFIGURACAO_USUARIO, ALERTA_MOTO_ENTRAR_PATIO, ALERTA_MOTO_SAIR_PATIO, ALERTA_MOTO_CHEGAR_SEM_PLACA, ALERTA_MOTO_PRECISA_MANUTENCAO, ALERTA_MOTO_PREPARADA_ALUGADA)
VALUES ('b5103e28-7b50-45e3-b4bc-09b75ab8c1c2', 0, 1, 1, 1, 0);

INSERT INTO TB_CONFIGURACAO_USUARIO (ID_CONFIGURACAO_USUARIO, ALERTA_MOTO_ENTRAR_PATIO, ALERTA_MOTO_SAIR_PATIO, ALERTA_MOTO_CHEGAR_SEM_PLACA, ALERTA_MOTO_PRECISA_MANUTENCAO, ALERTA_MOTO_PREPARADA_ALUGADA)
VALUES ('5de45eb2-144f-475f-b16d-e16e7e394706', 1, 0, 0, 0, 1);

INSERT INTO TB_CONFIGURACAO_USUARIO (ID_CONFIGURACAO_USUARIO, ALERTA_MOTO_ENTRAR_PATIO, ALERTA_MOTO_SAIR_PATIO, ALERTA_MOTO_CHEGAR_SEM_PLACA, ALERTA_MOTO_PRECISA_MANUTENCAO, ALERTA_MOTO_PREPARADA_ALUGADA)
VALUES ('d5e67343-d278-4cc4-9a5c-bb1ccf3bcd98', 1, 1, 1, 1, 1);

INSERT INTO TB_CONFIGURACAO_USUARIO (ID_CONFIGURACAO_USUARIO, ALERTA_MOTO_ENTRAR_PATIO, ALERTA_MOTO_SAIR_PATIO, ALERTA_MOTO_CHEGAR_SEM_PLACA, ALERTA_MOTO_PRECISA_MANUTENCAO, ALERTA_MOTO_PREPARADA_ALUGADA)
VALUES ('2490a88f-7353-4cc5-bf5d-b2048f4ca41f', 0, 0, 0, 0, 0);

-- Inserts para a tabela TB_USUARIO
INSERT INTO TB_USUARIO (ID_USUARIO, NOME_USUARIO, CPF_USUARIO, TELEFONE_USUARIO, EMAIL_USUARIO, SENHA_USUARIO, LINK_FOTO_USUARIO, DATA_NASCIMENTO_USUARIO, DATA_CRIACAO_USUARIO, ID_CONFIGURACAO_USUARIO)
VALUES ('3b64e3bb-10c5-4c84-9d77-2e5bb40a91d5', 'João Silva', '123.456.789-00', '(11) 98888-7777', 'joao@mottusense.com', '$2a$10$hashdemonstrativo', NULL, TO_DATE('1985-05-12','YYYY-MM-DD'), SYSTIMESTAMP, 'cf78e445-2a3a-4e8c-9602-27e5d36a3f26');

INSERT INTO TB_USUARIO (ID_USUARIO, NOME_USUARIO, CPF_USUARIO, TELEFONE_USUARIO, EMAIL_USUARIO, SENHA_USUARIO, LINK_FOTO_USUARIO, DATA_NASCIMENTO_USUARIO, DATA_CRIACAO_USUARIO, ID_CONFIGURACAO_USUARIO)
VALUES ('ee41756c-e82c-4e12-84b3-2c0d5a5f9bc7', 'Maria Oliveira', '987.654.321-00', '(21) 99999-8888', 'maria@mottusense.com', '$2a$10$hashdemonstrativo', NULL, TO_DATE('1992-07-23','YYYY-MM-DD'), SYSTIMESTAMP, 'b5103e28-7b50-45e3-b4bc-09b75ab8c1c2');

INSERT INTO TB_USUARIO (ID_USUARIO, NOME_USUARIO, CPF_USUARIO, TELEFONE_USUARIO, EMAIL_USUARIO, SENHA_USUARIO, LINK_FOTO_USUARIO, DATA_NASCIMENTO_USUARIO, DATA_CRIACAO_USUARIO, ID_CONFIGURACAO_USUARIO)
VALUES ('7bbfba3e-f97f-42a0-9460-607ed7030766', 'Carlos Pereira', '321.654.987-00', '(31) 96666-5555', 'carlos@mottusense.com', '$2a$10$hashdemonstrativo', NULL, TO_DATE('1988-03-30','YYYY-MM-DD'), SYSTIMESTAMP, '5de45eb2-144f-475f-b16d-e16e7e394706');

INSERT INTO TB_USUARIO (ID_USUARIO, NOME_USUARIO, CPF_USUARIO, TELEFONE_USUARIO, EMAIL_USUARIO, SENHA_USUARIO, LINK_FOTO_USUARIO, DATA_NASCIMENTO_USUARIO, DATA_CRIACAO_USUARIO, ID_CONFIGURACAO_USUARIO)
VALUES ('8b18cfe0-f881-4e3d-97db-923d9d0d5c39', 'Ana Souza', '456.789.123-00', '(61) 97777-4444', 'ana@mottusense.com', '$2a$10$hashdemonstrativo', NULL, TO_DATE('1995-12-11','YYYY-MM-DD'), SYSTIMESTAMP, 'd5e67343-d278-4cc4-9a5c-bb1ccf3bcd98');

INSERT INTO TB_USUARIO (ID_USUARIO, NOME_USUARIO, CPF_USUARIO, TELEFONE_USUARIO, EMAIL_USUARIO, SENHA_USUARIO, LINK_FOTO_USUARIO, DATA_NASCIMENTO_USUARIO, DATA_CRIACAO_USUARIO, ID_CONFIGURACAO_USUARIO)
VALUES ('db8d0e3c-7ec2-4b10-917b-0cc775a520d8', 'Pedro Almeida', '789.123.456-00', '(41) 98888-3333', 'pedro@mottusense.com', '$2a$10$hashdemonstrativo', NULL, TO_DATE('1987-11-02','YYYY-MM-DD'), SYSTIMESTAMP, '2490a88f-7353-4cc5-bf5d-b2048f4ca41f');

